yyyy-mm-dd,Giá mở cửa,Giá trần,Giá sàn,Giá đóng cửa,Khối lượng giao dịch,H-L,O-C,SMA_20,SMA_50,SMA_200,SD_50,SD_200,RSI
2024-09-17,21.02,21.6,21.02,21.45,2239274,0.5800000000000018,-0.4299999999999997,21.55,20.988799999999998,21.836750000000002,0.6441182550825135,1.031290325844715,54.13870246085011
2024-09-18,21.45,21.65,21.32,21.32,2749621,0.3299999999999983,0.129999999999999,21.587,21.011200000000002,21.83875,0.6355445680352508,1.029890435456714,30.351437699680503
2024-09-19,21.4,21.6,21.35,21.45,2241321,0.25,-0.05000000000000071,21.617,21.0322,21.84,0.6322757406739784,1.0292627990691845,37.11340206185566
2024-09-20,21.5,21.82,21.15,21.15,3928381,0.6700000000000017,0.3500000000000014,21.6285,21.0492,21.839350000000003,0.6235541316533563,1.0296591998516742,34.726688102893846
2024-09-23,21.45,21.45,21.18,21.18,1715004,0.2699999999999996,0.2699999999999996,21.6485,21.0618,21.84085,0.6196137374795687,1.028472437781575,35.35031847133756
2024-09-24,21.2,21.32,21.18,21.28,1440365,0.14000000000000057,-0.08000000000000185,21.6735,21.0698,21.842,0.6198007909063153,1.0277120023620376,38.53503184713377
2024-09-25,21.38,21.45,21.2,21.3,3722530,0.25,0.0799999999999983,21.6845,21.082199999999997,21.841099999999997,0.6180426311165614,1.0281093493256679,26.89393939393942
2024-09-26,21.3,21.55,21.3,21.3,2770560,0.25,0.0,21.622,21.097799999999996,21.8406,0.6133890132962803,1.0283492357918893,29.09836065573772
2024-09-27,21.45,21.45,21.22,21.25,2742859,0.23000000000000043,0.1999999999999993,21.5745,21.116799999999998,21.839850000000002,0.602794309521721,1.028726820812644,35.14851485148513
2024-09-30,21.2,21.3,21.0,21.0,2927542,0.3000000000000007,0.1999999999999993,21.5195,21.1314,21.83785,0.5905825902600745,1.0299743264107704,36.97916666666668
2024-10-01,21.02,21.38,21.02,21.15,1917447,0.35999999999999943,-0.129999999999999,21.472,21.1468,21.836199999999998,0.5805431657912017,1.0308144606384313,41.54589371980673
2024-10-02,21.18,21.2,21.02,21.02,1528683,0.17999999999999972,0.16000000000000014,21.423,21.1596,21.8312,0.5702557965240861,1.0323425865866405,39.99999999999999
2024-10-03,21.05,21.22,20.68,20.68,3467194,0.5399999999999991,0.370000000000001,21.331,21.1648,21.824,0.5645306520843572,1.035335500207514,34.53815261044177
2024-10-04,20.68,20.68,20.45,20.5,2146881,0.23000000000000043,0.17999999999999972,21.240000000000002,21.1658,21.816750000000003,0.5632815296391187,1.039517155743675,38.392857142857146
2024-10-07,20.55,20.78,20.42,20.42,1655562,0.35999999999999943,0.129999999999999,21.1685,21.158199999999997,21.809350000000006,0.5708307229692936,1.044178924144772,22.751322751322775
2024-10-08,20.52,20.52,20.3,20.45,2652281,0.21999999999999886,0.07000000000000028,21.116,21.1512,21.80235,0.5774208665633667,1.0485884158377579,25.69832402234627
2024-10-09,20.52,20.8,20.5,20.8,1212013,0.3000000000000007,-0.28000000000000114,21.081,21.1512,21.79835,0.5774208665633667,1.050887529901514,33.8308457711443
2024-10-10,20.8,20.82,20.65,20.7,1473434,0.1700000000000017,0.10000000000000142,21.0435,21.143199999999997,21.793850000000003,0.5809051346907997,1.0536644252823195,37.56906077348067
2024-10-11,20.7,20.98,20.68,20.9,1711832,0.3000000000000007,-0.1999999999999993,21.016,21.1382,21.79025,0.5819204307764372,1.055489806277527,42.929292929292885
2024-10-14,21.25,21.7,21.08,21.08,4269106,0.620000000000001,0.1700000000000017,21.019,21.1388,21.78765,0.5818430954776675,1.056600682619766,45.14563106796109
2024-10-15,21.12,21.25,20.78,20.82,1849949,0.46999999999999886,0.3000000000000007,20.9875,21.1352,21.78385,0.5832745004344652,1.0587157658523436,39.565217391304316
2024-10-16,20.75,20.9,20.72,20.75,1212195,0.17999999999999972,0.0,20.958999999999996,21.137199999999996,21.779100000000003,0.5817462803437679,1.0612220082309647,38.39662447257379
2024-10-17,20.88,20.9,20.72,20.78,1031970,0.17999999999999972,0.09999999999999787,20.9255,21.139799999999994,21.774099999999997,0.5798116865299171,1.0635709217196712,39.99999999999999
2024-10-18,20.85,21.1,20.85,20.9,1176381,0.25,-0.04999999999999716,20.913,21.1342,21.7696,0.5807668751446128,1.065363240482253,47.74774774774771
2024-10-21,20.92,21.45,20.92,21.12,2222103,0.5299999999999976,-0.1999999999999993,20.91,21.1386,21.7641,0.5797888778314698,1.065865628345541,49.34497816593892
2024-10-22,21.3,21.3,21.1,21.1,2048252,0.1999999999999993,0.1999999999999993,20.901,21.148600000000002,21.7581,0.574598386808022,1.066211246475362,51.834862385321145
2024-10-23,21.35,22.15,21.35,21.6,5019864,0.7999999999999972,-0.25,20.916000000000004,21.1746,21.7561,0.5647437923699038,1.066130367168569,69.65811965811972
2024-10-24,21.5,21.55,21.02,21.02,2058500,0.5300000000000011,0.4800000000000004,20.902,21.188,21.750799999999998,0.552596837944315,1.0671463661720277,59.489051094890506
2024-10-25,21.1,21.15,20.78,20.78,2050397,0.36999999999999744,0.3200000000000003,20.8785,21.195600000000002,21.7443,0.5440856775267376,1.0690885189293378,56.20689655172413
2024-10-28,20.8,20.88,20.72,20.72,1475845,0.16000000000000014,0.08000000000000185,20.8645,21.201999999999998,21.73765,0.5363634162446648,1.0713115887082036,54.607508532423196
2024-10-29,20.75,20.85,20.65,20.68,1286477,0.20000000000000284,0.07000000000000028,20.841,21.204,21.73015,0.5341787517071822,1.0734476825330943,47.709923664122115
2024-10-30,20.72,20.85,20.4,20.5,2028990,0.45000000000000284,0.21999999999999886,20.815,21.202399999999997,21.7229,0.5362019114063764,1.0768465920986914,46.296296296296305
2024-10-31,20.7,20.85,20.52,20.78,1829419,0.33000000000000185,-0.08000000000000185,20.82,21.201,21.717799999999997,0.5372311857466101,1.0788930489419555,47.84172661870508
2024-11-01,20.78,20.8,20.55,20.6,1341319,0.25,0.17999999999999972,20.825,21.1946,21.7117,0.5425270048765694,1.0817574152866394,41.366906474820205
2024-11-04,20.7,20.75,20.52,20.6,1346740,0.23000000000000043,0.09999999999999787,20.833999999999996,21.191,21.707199999999997,0.5459208659106808,1.084510940424065,45.63492063492066
2024-11-05,20.6,20.65,20.52,20.65,964121,0.129999999999999,-0.04999999999999716,20.844,21.1884,21.70285,0.5482229547941222,1.08700749952339,47.99999999999997
2024-11-06,20.75,21.0,20.7,20.9,1523242,0.3000000000000007,-0.14999999999999858,20.848999999999997,21.1848,21.699450000000002,0.5495387305062887,1.0884561920029396,52.20588235294113
2024-11-07,21.0,21.12,20.85,20.85,1174467,0.2699999999999996,0.14999999999999858,20.8565,21.1508,21.695700000000002,0.5148442998238947,1.0900912828864922,49.05660377358496
2024-11-08,20.9,20.9,20.5,20.52,2194671,0.3999999999999986,0.379999999999999,20.8375,21.117200000000004,21.689899999999998,0.4995673229946216,1.093256621384475,39.13043478260866
2024-11-11,20.52,20.58,20.32,20.4,1947111,0.259999999999998,0.120000000000001,20.803500000000003,21.083199999999998,21.683650000000004,0.4890533963584404,1.0970523216703953,37.76223776223772
2024-11-12,20.5,20.75,20.25,20.27,2489601,0.5,0.23000000000000043,20.776,21.046599999999998,21.67675,0.47979421609253176,1.1015954339048397,23.293172690763
2024-11-13,20.42,20.58,20.25,20.3,2044038,0.3299999999999983,0.120000000000001,20.7535,21.012600000000003,21.6705,0.4710076475828819,1.1058559294426238,31.443298969072174
2024-11-14,20.32,20.65,20.3,20.35,1970600,0.34999999999999787,-0.030000000000001137,20.732,20.9692,21.664350000000002,0.4272161427813647,1.1097750134157833,37.71428571428573
2024-11-15,20.32,20.52,20.27,20.27,2312053,0.25,0.05000000000000071,20.7005,20.928199999999997,21.6587,0.3918386277589364,1.1139960710124375,37.28813559322035
2024-11-18,20.27,20.42,20.18,20.2,1894584,0.240000000000002,0.07000000000000028,20.654500000000002,20.8952,21.6527,0.38197788161193297,1.1186184542689914,36.66666666666666
2024-11-19,20.2,20.35,20.18,20.18,1860806,0.1700000000000017,0.019999999999999574,20.6085,20.8688,21.647,0.3849285117831572,1.1232172921688517,40.24390243902439
2024-11-20,20.1,20.32,20.08,20.18,1842525,0.240000000000002,-0.0799999999999983,20.5375,20.842399999999998,21.641150000000003,0.3860187158409726,1.1278093576647485,27.941176470588175
2024-11-21,20.18,20.3,20.15,20.18,1993329,0.15000000000000213,0.0,20.4955,20.817000000000004,21.6358,0.387004456020228,1.1322035081731507,32.2033898305084
2024-11-22,20.18,20.42,20.15,20.23,1339086,0.2700000000000031,-0.05000000000000071,20.468,20.792600000000004,21.631050000000002,0.38473319671297035,1.1361114132056203,34.9593495934959
2024-11-25,20.23,20.5,20.23,20.5,1917291,0.2699999999999996,-0.2699999999999996,20.457,20.782200000000003,21.6283,0.38548824064216136,1.1381886826826764,44.827586206896605
2024-11-26,20.5,20.65,20.5,20.52,1233109,0.14999999999999858,-0.019999999999999574,20.448999999999998,20.7636,21.6254,0.37490004109928476,1.1402784813699538,34.4262295081968
2024-11-27,20.52,20.52,20.38,20.38,993580,0.14000000000000057,0.14000000000000057,20.443,20.7448,21.62155,0.3699654699826864,1.1431878629296848,32.06106870229007
2024-11-28,20.55,20.6,20.35,20.35,1118651,0.25,0.1999999999999993,20.4215,20.722800000000003,21.6173,0.35973936143155466,1.146338593459307,41.584158415841685
2024-11-29,20.32,20.38,20.25,20.25,1967848,0.129999999999999,0.07000000000000028,20.404,20.7048,21.61215,0.3604432645211896,1.1501688219976527,42.42424242424251
2024-12-02,20.27,20.48,20.15,20.18,2067802,0.33000000000000185,0.08999999999999986,20.383000000000003,20.6848,21.603149999999996,0.3612802631909811,1.1543109400118958,45.16129032258067
2024-12-03,20.2,20.3,20.12,20.2,1875102,0.17999999999999972,0.0,20.3605,20.663200000000003,21.58665,0.3572310748188652,1.1506403187860534,44.56521739130428
2024-12-04,20.2,20.2,19.9,20.0,2495623,0.3000000000000007,0.1999999999999993,20.3155,20.637200000000004,21.5654,0.35724592798398475,1.1404053938453411,33.64485981308404
2024-12-05,20.4,20.5,20.15,20.42,3372467,0.3500000000000014,-0.020000000000003126,20.294,20.619600000000002,21.549400000000002,0.3454069472138431,1.1338636930300963,55.319148936170286
2024-12-06,20.42,21.15,20.38,20.92,5333439,0.7699999999999996,-0.5,20.314,20.612999999999996,21.535,0.33614410175216514,1.1233769978938386,69.56521739130442
2024-12-09,21.05,21.42,20.92,20.92,3348648,0.5,0.129999999999999,20.339999999999996,20.6114,21.5266,0.3344505698505867,1.121653230659652,70.32967032967038
2024-12-10,20.92,20.95,20.6,20.6,2356318,0.34999999999999787,0.3200000000000003,20.3565,20.6004,21.5181,0.3252939643848598,1.1222041260405793,59.813084112149575
2024-12-11,20.6,20.7,20.45,20.65,2171374,0.25,-0.04999999999999716,20.374,20.593000000000004,21.508449999999996,0.3197144772116013,1.1213246372978,60.73059360730593
2024-12-12,20.65,20.68,20.45,20.45,2149810,0.23000000000000043,0.1999999999999993,20.379,20.5884,21.4967,0.32009156853127163,1.1200345965582599,54.700854700854684
2024-12-13,20.38,20.45,20.3,20.4,1953741,0.14999999999999858,-0.019999999999999574,20.3855,20.586400000000005,21.4862,0.3209663978851062,1.1204250629149755,47.64150943396222
2024-12-16,20.4,20.45,20.3,20.35,1161340,0.14999999999999858,0.04999999999999716,20.393,20.585,21.47485,0.3218584427085436,1.1203795020631189,46.046511627907016
2024-12-17,20.35,20.4,20.27,20.27,1332060,0.129999999999999,0.08000000000000185,20.3975,20.5814,21.4631,0.324395890660567,1.1206321753197144,47.36842105263159
2024-12-18,20.27,20.42,20.27,20.3,852659,0.15000000000000213,-0.030000000000001137,20.4035,20.571399999999997,21.45135,0.3252252594551448,1.1204448495146941,48.80382775119616
2024-12-19,20.15,20.2,20.05,20.15,2489852,0.14999999999999858,0.0,20.402,20.5604,21.43885,0.33005231496257625,1.1209504122097242,47.66355140186913
2024-12-20,20.15,20.25,20.12,20.25,1571034,0.129999999999999,-0.10000000000000142,20.403,20.547399999999996,21.426099999999998,0.32920318147579897,1.1198922193294127,51.612903225806456
2024-12-23,20.25,20.42,20.25,20.3,1001922,0.1700000000000017,-0.05000000000000071,20.393,20.531799999999997,21.415599999999998,0.3218485510233471,1.1205596412274195,52.27272727272731
2024-12-24,20.25,20.3,20.18,20.3,1335894,0.120000000000001,-0.05000000000000071,20.382,20.5214,21.4062,0.32074536915853347,1.1219995431702972,57.50000000000001
2024-12-25,20.3,20.52,20.27,20.32,1909813,0.25,-0.019999999999999574,20.378999999999998,20.5128,21.397399999999998,0.3202552553375782,1.123589116408906,46.87499999999996
2024-12-26,20.35,20.5,20.32,20.32,879287,0.17999999999999972,0.030000000000001137,20.3775,20.503600000000002,21.3865,0.319027604205038,1.1234131186593213,22.72727272727269
2024-12-27,20.35,20.45,20.27,20.27,1499184,0.17999999999999972,0.08000000000000185,20.3785,20.491,21.37295,0.3154734051986996,1.1204359334225698,21.73913043478258
2024-12-30,20.18,20.3,20.15,20.27,1416801,0.15000000000000213,-0.08999999999999986,20.383000000000003,20.474,21.363300000000002,0.30356386545185216,1.121587671349233,30.12048192771077
2024-12-31,20.27,20.3,20.15,20.27,1786031,0.15000000000000213,0.0,20.3865,20.4574,21.3494,0.29106987729631834,1.1177991836977508,25.64102564102585
2025-01-02,20.25,20.27,20.15,20.27,1342352,0.120000000000001,-0.019999999999999574,20.4,20.430799999999998,21.333250000000003,0.24098302082602263,1.1098766002755336,34.48275862068982
2025-01-03,20.27,20.27,20.08,20.25,1731685,0.19000000000000128,0.019999999999999574,20.3915,20.415399999999998,21.318250000000003,0.22674457444604984,1.1040990039632965,36.363636363636594
2025-01-06,20.2,20.25,20.15,20.25,1627059,0.10000000000000142,-0.05000000000000071,20.357999999999997,20.4048,21.303250000000002,0.2216840922001334,1.0980851023303149,39.99999999999999
2025-01-07,20.15,20.27,20.1,20.25,1967014,0.16999999999999815,-0.10000000000000142,20.3245,20.3954,21.288,0.21797968450533597,1.0913736676372756,47.6190476190477
2025-01-08,20.2,20.27,20.15,20.25,927236,0.120000000000001,-0.05000000000000071,20.307,20.3868,21.27215,0.2149840051001054,1.083243722488866,43.58974358974357
2025-01-09,20.27,20.5,20.25,20.38,1189358,0.25,-0.10999999999999943,20.2935,20.3844,21.256450000000005,0.21436341448411897,1.073209106573429,81.08108108108107
2025-01-10,20.38,20.45,20.2,20.25,1106026,0.25,0.129999999999999,20.283499999999997,20.3738,21.2401,0.2073928540675141,1.063415370989275,50.0
2025-01-13,19.85,20.18,19.85,20.15,1682762,0.3299999999999983,-0.29999999999999716,20.271,20.3648,21.22185,0.20714029555042568,1.0505041036851173,33.33333333333307
2025-01-14,20.1,20.1,19.9,20.1,2327929,0.20000000000000284,0.0,20.258499999999998,20.3548,21.203250000000004,0.20762249887889597,1.0371181261253044,29.99999999999993
2025-01-15,20.15,20.18,20.0,20.12,875300,0.17999999999999972,0.029999999999997584,20.250999999999998,20.3442,21.184250000000002,0.20576477554976016,1.0217919216532063,29.99999999999993
2025-01-16,20.15,20.32,20.05,20.23,2001576,0.2699999999999996,-0.08000000000000185,20.2475,20.3308,21.1659,0.19004661082380286,1.0056014925451422,42.62295081967209
2025-01-17,20.25,20.27,20.12,20.23,1174622,0.14999999999999858,0.019999999999999574,20.2515,20.3184,21.147650000000002,0.17511931792381763,0.9890826049918475,46.42857142857148
2025-01-20,20.15,20.23,20.12,20.2,647933,0.10999999999999943,-0.05000000000000071,20.249000000000002,20.311999999999998,21.129050000000003,0.17344057383715017,0.9715074529594457,44.06779661016943
2025-01-21,20.27,20.27,20.15,20.23,1314921,0.120000000000001,0.03999999999999915,20.2455,20.3086,21.110699999999998,0.17334653272581435,0.9533972633212835,46.77419354838715
2025-01-22,20.25,20.25,20.05,20.2,1136198,0.1999999999999993,0.05000000000000071,20.2405,20.3072,21.09245,0.173946273666174,0.9354634986392582,44.615384615384585
2025-01-23,20.2,20.32,20.12,20.2,1421586,0.1999999999999993,0.0,20.2345,20.3052,21.0742,0.17460439249185417,0.9168141035687011,46.03174603174597
2025-01-24,20.12,20.25,20.1,20.2,1389220,0.14999999999999858,-0.0799999999999983,20.2285,20.3022,21.05395,0.17510684784771735,0.8906707412656492,46.03174603174597
2025-02-03,20.1,20.15,19.95,20.02,1576949,0.1999999999999993,0.08000000000000185,20.216,20.2972,21.0333,0.17955773331086267,0.8660655040390413,35.802469135802426
2025-02-04,20.02,20.1,19.92,20.05,1441966,0.17999999999999972,-0.030000000000001137,20.205,20.2942,21.012449999999998,0.18244473583129517,0.8387257009937773,38.09523809523814
2025-02-05,20.1,20.23,20.02,20.02,1060865,0.21000000000000085,0.08000000000000185,20.192500000000003,20.291,20.995050000000003,0.18585983307567647,0.8228068137562934,25.67567567567579
2025-02-06,20.18,20.27,20.02,20.23,1315728,0.25,-0.05000000000000071,20.1905,20.292,20.9802,0.18538432225696286,0.8095056870006511,48.780487804878085
2025-02-07,20.25,20.35,20.12,20.32,1396794,0.23000000000000043,-0.07000000000000028,20.194,20.2948,20.969300000000004,0.1847142304714868,0.8035940060958203,60.4938271604939
2025-02-10,20.18,20.18,20.0,20.0,1535989,0.17999999999999972,0.17999999999999972,20.1815,20.2902,20.9628,0.18917101646205123,0.8061591797626205,45.37037037037033
2025-02-11,20.0,20.05,19.92,19.98,1437497,0.129999999999999,0.019999999999999574,20.168,20.2798,20.9577,0.1916788342778139,0.8091435449794261,43.518518518518526
2025-02-12,19.98,20.05,19.95,19.95,941811,0.10000000000000142,0.030000000000001137,20.153,20.2684,20.95495,0.19403723606434167,0.8116377125182592,36.00000000000004
2025-02-13,19.95,20.15,19.92,20.12,1054069,0.22999999999999687,-0.1700000000000017,20.14,20.2632,20.951549999999997,0.19446882127702797,0.8137117002696603,45.299145299145366
2025-02-14,20.25,20.25,20.1,20.12,997968,0.14999999999999858,0.129999999999999,20.1335,20.2586,20.947149999999997,0.19509296580353513,0.8158248762100715,46.49122807017554
2025-02-17,20.12,20.2,20.02,20.05,854266,0.17999999999999972,0.07000000000000028,20.1285,20.2546,20.936300000000003,0.19731059116948546,0.8132374102481374,42.372881355932265
2025-02-18,20.05,20.23,19.95,20.1,1201387,0.28000000000000114,-0.05000000000000071,20.128500000000003,20.253,20.9258,0.19824999678281577,0.8103912821290188,45.83333333333344
2025-02-19,20.1,20.25,20.02,20.2,1576073,0.23000000000000043,-0.09999999999999787,20.1325,20.253,20.9157,0.19824999678281577,0.8067600752983738,50.0
2025-02-20,20.23,20.62,20.2,20.48,2940145,0.4200000000000017,-0.25,20.145,20.2626,20.906200000000002,0.19736850440358825,0.8005937244056742,58.86075949367089
2025-02-21,20.48,20.48,20.32,20.32,1334242,0.16000000000000014,0.16000000000000014,20.1495,20.2606,20.895300000000002,0.19624443317179044,0.7935949057118616,59.6153846153846
2025-02-24,20.18,20.32,20.18,20.3,1541441,0.14000000000000057,-0.120000000000001,20.1545,20.2482,20.883300000000006,0.17179354006498557,0.7842591549421093,58.064516129032235
2025-02-25,20.35,20.58,20.32,20.35,1794644,0.259999999999998,0.0,20.160500000000003,20.236800000000002,20.87155,0.14276339781259836,0.7744468588521018,60.50955414012741
2025-02-26,20.5,20.55,20.4,20.5,1367140,0.15000000000000213,0.0,20.1755,20.2348,20.861549999999998,0.13819891018168817,0.7661822719622948,58.94039735099335
2025-02-27,20.6,20.6,20.38,20.52,1442755,0.22000000000000242,0.08000000000000185,20.191499999999998,20.2322,20.85165,0.13127770844507433,0.7576496170467005,56.944444444444414
2025-02-28,20.52,20.8,20.35,20.6,2774026,0.4499999999999993,-0.08000000000000185,20.2115,20.2352,20.83955,0.13790324913628818,0.7420088836510257,75.0
2025-03-03,20.65,21.2,20.6,21.02,2861892,0.5999999999999979,-0.370000000000001,20.2615,20.2476,20.82875,0.17571498257672113,0.7232547439340241,82.49999999999994
2025-03-04,21.22,21.25,20.9,20.98,3059982,0.3500000000000014,0.23999999999999844,20.308,20.2602,20.81675,0.20358511232180196,0.7002569072710809,81.9875776397516
2025-03-05,21.02,21.25,21.0,21.12,2910342,0.25,-0.10000000000000142,20.363,20.2772,20.805249999999997,0.23714320137647069,0.6757470740152375,81.6455696202532
2025-03-06,21.15,21.28,21.02,21.18,2631008,0.26000000000000156,-0.030000000000001137,20.410500000000003,20.2948,20.7944,0.26933963082805357,0.6516747963524123,82.31707317073173
2025-03-07,21.15,22.65,21.12,22.65,11513931,1.5299999999999976,-1.5,20.527,20.3448,20.79155,0.4275141243637599,0.6421908931276068,92.76315789473686
2025-03-10,22.95,23.95,22.9,23.65,9921135,1.0500000000000007,-0.6999999999999993,20.7095,20.4128,20.79605,0.6330974712974043,0.6589186340752639,94.48621553884713
2025-03-11,23.45,23.65,23.25,23.65,5701394,0.3999999999999986,-0.1999999999999993,20.893,20.4798,20.8004,0.7809217212331734,0.6747631931530678,94.34447300771211
2025-03-12,23.68,24.12,23.68,24.05,7010894,0.4400000000000013,-0.370000000000001,21.098000000000003,20.5548,20.808249999999997,0.9292837707237328,0.7029453022745822,94.51371571072322
2025-03-13,24.15,25.7,23.75,25.7,16433320,1.9499999999999993,-1.5500000000000007,21.377000000000002,20.662399999999998,20.82415,1.1793626088973723,0.7742101032145944,98.90909090909093
2025-03-14,25.9,26.4,25.7,26.1,8435598,0.6999999999999993,-0.20000000000000284,21.676,20.778000000000002,20.84205,1.4065154511364701,0.8511755379957581,99.31972789115648
2025-03-17,26.25,26.35,25.4,26.05,6510552,0.9500000000000028,0.1999999999999993,21.976,20.893600000000003,20.8613,1.5895304915834068,0.9225812107626182,98.46938775510205
2025-03-18,26.05,26.35,25.55,25.65,6023007,0.8000000000000007,0.40000000000000213,22.2535,21.001199999999997,20.88165,1.7229502936201133,0.9815185534946498,92.00652528548122
2025-03-19,25.4,26.25,24.6,25.95,10353591,1.6499999999999986,-0.5500000000000007,22.541,21.1148,20.9025,1.8558789545327234,1.0430592567372603,92.35569422776908
2025-03-20,26.0,26.6,25.35,25.75,6636052,1.25,0.25,22.8045,21.2244,20.921349999999997,1.9636535710095868,1.0953825781261413,89.4333843797856
2025-03-21,25.8,26.5,25.5,26.5,7491853,1.0,-0.6999999999999993,23.1135,21.3494,20.943599999999996,2.0949018875277376,1.1616164616688514,89.94169096209912
2025-03-24,26.5,28.35,26.35,28.35,11915870,2.0,-1.8500000000000014,23.516,21.5114,20.97485,2.310268126501006,1.2717324777542005,92.5028835063437
2025-03-25,28.85,29.6,28.3,28.45,7951232,1.3000000000000007,0.40000000000000213,23.921,21.6754,21.007849999999998,2.5019903994986903,1.3759192002907035,92.46813441483197
2025-03-26,28.9,29.0,27.85,28.5,6498265,1.1499999999999986,0.3999999999999986,24.321,21.8404,21.0416,2.672306929701482,1.4735375818163214,92.45939675174012
2025-03-27,28.75,29.35,28.3,28.55,4575391,1.0500000000000007,0.1999999999999993,24.7225,22.0038,21.07575,2.8265179342528532,1.5656069311337502,90.9722222222222
2025-03-28,28.5,29.15,28.45,29.0,5548784,0.6999999999999993,-0.5,25.1425,22.178799999999995,21.112750000000002,2.9822971833464016,1.6625024842237746,90.22556390977441
2025-03-31,28.9,29.25,28.65,29.0,6660894,0.6000000000000014,-0.10000000000000142,25.5415,22.3558,21.1495,3.1189251746231315,1.7532008774190389,90.22556390977441
2025-04-01,29.35,30.4,29.1,29.85,7768038,1.2999999999999972,-0.5,25.985000000000003,22.5508,21.19075,3.2758552957002434,1.8577886940280015,90.84507042253519
2025-04-02,30.25,30.6,29.75,30.2,7322516,0.8500000000000014,0.05000000000000071,26.439,22.7524,21.23675,3.4297602462765187,1.963909785537162,88.79310344827583
2025-04-03,29.1,29.9,28.1,28.1,19225993,1.7999999999999972,1.0,26.784999999999997,22.9098,21.27225,3.4916667501177066,2.0228934542223573,63.333333333333336
2025-04-04,27.1,29.75,26.7,29.15,14566073,3.0500000000000007,-2.049999999999997,27.110000000000003,23.0882,21.31275,3.5787426192300953,2.0981075314596778,68.23529411764704
2025-04-08,29.0,29.0,27.15,27.55,11583072,1.8500000000000014,1.4499999999999993,27.305,23.2352,21.34675,3.60851614028452,2.143547507541042,59.79381443298971
2025-04-09,26.05,29.2,26.05,28.5,13010388,3.1499999999999986,-2.4499999999999993,27.547500000000003,23.4006,21.385650000000002,3.65716261713412,2.201915469808251,62.31884057971016
2025-04-10,30.45,30.45,30.45,30.45,3810300,0.0,0.0,27.8675,23.605600000000003,21.4338,3.759928440482751,2.2928956391559323,69.4214876033058
2025-04-11,29.85,32.55,29.85,32.55,13375592,2.6999999999999957,-2.6999999999999957,28.21,23.852600000000002,21.4938,3.933295243099327,2.422969555594266,72.49070631970261
2025-04-14,33.25,34.8,33.0,34.8,8836729,1.7999999999999972,-1.5499999999999972,28.645,24.1446,21.5648,4.190150360168043,2.5983502613008134,73.28519855595668
2025-04-15,35.2,37.2,35.0,35.25,12287927,2.200000000000003,-0.04999999999999716,29.104999999999997,24.4492,21.63805,4.430850031314541,2.7717292640273015,73.943661971831
2025-04-16,35.3,36.0,33.7,33.95,7559258,2.299999999999997,1.3499999999999943,29.52,24.727200000000003,21.7053,4.582658545750366,2.9039901348864103,67.63754045307445
2025-04-17,33.85,35.5,33.6,35.5,8073676,1.8999999999999986,-1.6499999999999986,29.997500000000002,25.036800000000003,21.7798,4.776943109289439,3.0623016535092416,70.5014749262537
2025-04-18,35.9,35.9,33.05,33.05,10586580,2.8500000000000014,2.8500000000000014,30.3625,25.293200000000002,21.84165,4.857056906802563,3.1632336323077412,60.68601583113457
2025-04-21,32.05,33.7,30.75,30.75,15483435,2.950000000000003,1.2999999999999972,30.575,25.5018,21.891399999999997,4.863079015418545,3.22442157798307,54.117647058823536
2025-04-22,31.0,31.35,29.0,29.5,12830725,2.3500000000000014,1.5,30.6325,25.691799999999997,21.935499999999998,4.829201433963596,3.2677934635779895,49.19168591224018
2025-04-23,30.0,30.15,29.15,29.3,18989386,1.0,0.6999999999999993,30.675,25.878200000000003,21.9785,4.783891631596319,3.307791889755108,47.906976744186046
2025-04-24,29.45,31.35,29.3,31.35,8736920,2.0500000000000007,-1.9000000000000021,30.817500000000003,26.106200000000005,22.031750000000002,4.767220509663389,3.3722033173531907,57.575757575757585
2025-04-25,32.2,33.5,32.0,33.5,14791541,1.5,-1.2999999999999972,31.065000000000005,26.373800000000003,22.098250000000004,4.799758450554949,3.465740646477062,59.64523281596453
2025-04-28,33.9,34.5,33.35,34.0,7032504,1.1499999999999986,-0.10000000000000142,31.315000000000005,26.651400000000002,22.16625,4.8319561298522276,3.5642721017871124,65.03496503496504
2025-04-29,33.5,34.0,31.9,34.0,13393736,2.1000000000000014,-0.5,31.565000000000005,26.930400000000006,22.23475,4.845729430569347,3.658623314896129,63.41463414634146
2025-05-05,34.45,36.2,34.0,35.0,4415965,2.200000000000003,-0.5499999999999972,31.8225,27.2284,22.307000000000002,4.875171314624646,3.7662803051131837,61.636828644501286
2025-05-06,35.3,35.9,34.7,35.25,5717679,1.1999999999999957,0.04999999999999716,32.075,27.5294,22.378850000000003,4.89692757069709,3.874436924886591,57.6271186440678
2025-05-07,35.3,37.0,35.2,36.7,7627891,1.7999999999999972,-1.4000000000000057,32.505,27.853799999999996,22.45895,4.957285255262308,4.002616656387418,55.62130177514795
2025-05-08,37.6,39.25,37.1,39.25,7195570,2.1499999999999986,-1.6499999999999986,33.01,28.2324,22.5526,5.091223965746159,4.1725309239786155,60.526315789473685
2025-05-09,40.0,40.45,37.75,38.25,7051555,2.700000000000003,1.75,33.545,28.5914,22.64235,5.152952001186399,4.314470215880352,61.49732620320855
2025-05-12,39.2,40.1,38.5,39.7,5890846,1.6000000000000014,-0.5,34.105000000000004,28.9784,22.7395,5.247126856185039,4.476495707480969,61.29032258064517
2025-05-13,40.25,40.25,38.35,39.8,9660763,1.8999999999999986,0.45000000000000284,34.5725,29.3644,22.836599999999997,5.320078701274584,4.632944887612884,70.76923076923077
2025-05-14,39.55,41.25,39.2,39.9,6651591,2.049999999999997,-0.3500000000000014,34.94,29.752,22.934199999999997,5.368316727783142,4.784076956070848,82.56227758007117
2025-05-15,39.5,39.95,38.6,39.9,8937212,1.3500000000000014,-0.3999999999999986,35.19500000000001,30.138,23.031600000000005,5.390648365078062,4.928743960191654,90.625
2025-05-16,39.35,40.45,39.35,40.0,4665822,1.1000000000000014,-0.6499999999999986,35.432500000000005,30.5176,23.12935,5.403724550752805,5.069150868750193,92.1259842519685
2025-05-19,40.05,42.8,40.0,42.8,9173088,2.799999999999997,-2.75,35.875,30.954,23.239350000000005,5.498016339869303,5.2536899765162035,92.56505576208178
2025-05-20,44.25,45.75,44.25,45.75,3902546,1.5,-1.5,36.3875,31.446600000000004,23.364100000000004,5.698661357310733,5.486537584243516,92.98245614035088
2025-05-21,48.95,48.95,44.95,46.75,7294774,4.0,2.200000000000003,37.072500000000005,31.958000000000002,23.493850000000002,5.902225107913991,5.727161563582521,93.22033898305085
2025-05-22,46.5,49.25,45.9,46.25,6576638,3.3500000000000014,0.25,37.847500000000004,32.43,23.619600000000002,6.08353415007285,5.9462520470490725,90.1639344262295
2025-05-23,46.0,48.15,45.9,46.5,4213584,2.25,-0.5,38.697500000000005,32.887,23.746350000000003,6.266030950893205,6.1596945021077625,89.65517241379311
2025-05-26,46.6,47.65,43.5,47.25,4826835,4.149999999999999,-0.6499999999999986,39.595,33.359,23.87735,6.442411213582891,6.376836417139371,90.0
2025-05-27,47.35,47.5,45.75,47.25,6817270,1.75,0.10000000000000142,40.39,33.823,24.0086,6.59199584220698,6.584091077482376,88.92988929889299
2025-05-28,46.5,49.15,46.5,48.5,6163460,2.6499999999999986,-2.0,41.14,34.279,24.147850000000002,6.803811131885424,6.803550349951248,87.75510204081633
2025-05-29,48.6,49.5,48.05,48.5,4740932,1.4500000000000028,0.10000000000000142,41.864999999999995,34.727000000000004,24.2871,6.989213336365202,7.013370331519313,95.55555555555556
2025-05-30,48.55,49.5,48.15,49.2,3280608,1.3500000000000014,-0.6500000000000057,42.625,35.19,24.427200000000003,7.167194253638485,7.2275847324902935,95.23809523809524
2025-06-02,49.35,49.9,47.1,49.0,6447797,2.799999999999997,0.3500000000000014,43.325,35.657000000000004,24.5677,7.292524897986698,7.428990997856393,93.39622641509432
2025-06-03,48.75,49.75,47.5,49.05,4420588,2.25,-0.29999999999999716,44.015,36.119,24.709950000000003,7.395999263253184,7.622495436594548,93.36492890995258
2025-06-04,49.0,49.25,48.2,49.05,3339230,1.0499999999999972,-0.04999999999999716,44.6325,36.585,24.8537,7.463074064338153,7.80775367163854,93.36492890995258
2025-06-05,48.95,49.05,48.15,49.0,3354639,0.8999999999999986,-0.04999999999999716,45.12,37.035,24.99695,7.5206874550083045,7.9855078659334255,92.85714285714286
2025-06-06,48.3,49.25,48.2,48.5,2934976,1.0499999999999972,-0.20000000000000284,45.6325,37.438,25.137449999999998,7.585395204481057,8.14973323221574,84.75609756097562
2025-06-09,48.45,48.45,45.15,45.15,3785703,3.3000000000000043,3.3000000000000043,45.905,37.772000000000006,25.2612,7.54913942926278,8.264535880896966,46.511627906976734
2025-06-10,43.0,46.45,43.0,45.3,6850985,3.450000000000003,-2.299999999999997,46.18,38.108000000000004,25.3848,7.5017573451363475,8.378241918698782,40.64516129032256
2025-06-11,46.3,46.3,45.0,45.1,1444558,1.2999999999999972,1.1999999999999957,46.440000000000005,38.439,25.507399999999997,7.436254886345338,8.48628495880325,42.28187919463088
2025-06-12,45.7,45.8,42.35,43.4,4172674,3.4499999999999957,2.3000000000000043,46.614999999999995,38.727000000000004,25.620150000000002,7.341475759445895,8.573448757383323,32.58426966292134
2025-06-13,42.85,43.0,40.8,42.75,5009377,2.200000000000003,0.10000000000000142,46.7525,39.002,25.729300000000002,7.226305121864618,8.651911312350824,24.431818181818173
2025-06-16,42.0,42.8,41.3,42.7,2521970,1.5,-0.7000000000000028,46.7475,39.259,25.838900000000002,7.121924255567587,8.727408727997556,24.293785310734464
2025-06-17,42.7,45.4,42.15,43.85,3392177,3.25,-1.1499999999999986,46.652499999999996,39.532,25.95425,7.02859146338616,8.81225479718744,23.428571428571402
2025-06-18,43.85,44.5,43.45,44.0,1434711,1.0499999999999972,-0.14999999999999858,46.515,39.85,26.068849999999998,6.85843737780752,8.897172278328185,24.71910112359548
2025-06-19,44.0,45.3,43.8,44.7,3253107,1.5,-0.7000000000000028,46.4375,40.161,26.1796,6.714386701368293,8.99051973277001,24.71910112359548
2025-06-20,44.7,44.7,43.35,43.4,13620498,1.3500000000000014,1.3000000000000043,46.2825,40.477999999999994,26.2856,6.476796575279499,9.06800586079749,21.99999999999997
2025-06-23,43.05,46.4,42.55,46.4,3886320,3.8500000000000014,-3.3500000000000014,46.239999999999995,40.836,26.4071,6.2933155338155835,9.173819729652482,39.76833976833977
2025-06-24,47.45,49.0,46.85,47.9,3987001,2.1499999999999986,-0.44999999999999574,46.2725,41.185,26.5361,6.188577776675387,9.293565115323837,46.02076124567474
2025-06-25,48.0,48.3,47.25,47.9,2663873,1.0499999999999972,0.10000000000000142,46.2425,41.492,26.665599999999998,6.1319534457810265,9.409763487167064,46.18055555555555
2025-06-26,47.5,48.5,47.5,47.5,1615391,1.0,0.0,46.1925,41.746,26.790499999999998,6.1120977393617935,9.519604830593213,46.50349650349651
2025-06-27,47.5,48.05,46.2,47.75,3037579,1.8499999999999943,-0.25,46.12,41.996,26.91765,6.096593562082505,9.628797415870778,61.607142857142875
2025-06-30,47.75,48.15,47.55,47.8,1269261,0.6000000000000014,-0.04999999999999716,46.059999999999995,42.273,27.047400000000003,6.037917687415205,9.734428010079354,61.26126126126126
2025-07-01,47.85,48.25,46.75,47.8,2339706,1.5,0.05000000000000426,45.9975,42.519000000000005,27.178900000000002,6.006823416001323,9.836220869570553,62.385321100917416
2025-07-02,47.15,47.75,47.15,47.7,1094369,0.6000000000000014,-0.5500000000000043,45.93,42.812,27.309900000000003,5.891714694451671,9.934188062054277,73.11827956989252
2025-07-03,47.3,47.6,46.95,47.25,1894721,0.6499999999999986,0.04999999999999716,45.8425,43.141999999999996,27.4389,5.659851083351551,10.024811269793329,74.72527472527474
2025-07-04,47.2,47.2,45.75,45.95,3988471,1.4500000000000028,1.25,45.715,43.471000000000004,27.5614,5.318489984411664,10.10066518730975,65.70048309178745
2025-07-07,45.95,47.1,45.5,46.5,2013788,1.6000000000000014,-0.5499999999999972,45.7825,43.815,27.6888,4.924887339434674,10.178136611601486,63.58974358974359
2025-07-08,46.5,47.5,46.45,46.65,1424660,1.0499999999999972,-0.14999999999999858,45.85,44.120999999999995,27.8148,4.5991357883847614,10.256197487103728,63.58974358974359
2025-07-09,46.5,47.5,46.5,47.5,3292250,1.0,-1.0,45.97,44.400999999999996,27.945700000000002,4.359232402941909,10.339616329400064,64.14141414141415
2025-07-10,48.0,50.8,48.0,50.8,7097588,2.799999999999997,-2.799999999999997,46.339999999999996,44.736999999999995,28.09245,4.185163420601928,10.454602338096805,81.09243697478996
2025-07-11,52.25,54.05,51.95,54.0,4808108,2.0999999999999943,-1.75,46.902499999999996,45.137,28.256699999999995,4.092761280353496,10.601993560045049,81.404958677686
2025-07-14,57.5,57.75,55.5,56.5,5556863,2.25,1.0,47.592499999999994,45.567,28.4333,4.135209813792195,10.776257641397098,82.82442748091607
2025-07-15,57.0,57.0,55.5,55.8,3264514,1.5,1.2000000000000028,48.190000000000005,45.978,28.605900000000002,4.110032027284921,10.93636836224779,78.62318840579712
2025-07-16,55.5,59.1,55.05,58.7,3315299,4.050000000000004,-3.200000000000003,48.925,46.418,28.7929,4.27095984050253,11.128873063717739,84.35582822085891
2025-07-17,59.05,61.65,59.05,61.0,6617235,2.6000000000000014,-1.9500000000000028,49.739999999999995,46.853,28.9914,4.619406822066754,11.346481226402576,86.10354223433244
2025-07-18,62.35,62.35,58.75,59.5,6084453,3.6000000000000014,2.8500000000000014,50.545,47.278,29.18265,4.78627033017058,11.53611647802123,79.54545454545456
2025-07-21,60.25,61.25,55.35,56.0,4320588,5.899999999999999,4.25,51.025,47.604,29.35765,4.814612536596569,11.675986652056244,67.59656652360516
2025-07-22,56.1,58.75,56.1,58.75,3949125,2.6499999999999986,-2.6499999999999986,51.567499999999995,47.983000000000004,29.545650000000002,4.932178907492314,11.844656178099369,71.29094412331406
2025-07-23,59.75,59.75,57.5,57.5,2814154,2.25,2.25,52.0475,48.335,29.72805,4.9714208743784685,11.992666339356578,69.1588785046729
2025-07-24,57.6,58.5,54.85,58.0,6047931,3.6499999999999986,-0.3999999999999986,52.572500000000005,48.696999999999996,29.914649999999998,5.003564137855593,12.140603657286455,73.21772639691714
2025-07-25,56.6,59.0,56.55,57.05,3392273,2.450000000000003,-0.44999999999999574,53.0375,49.038000000000004,30.097399999999997,4.979688950207461,12.272547549583361,70.0189753320683
2025-07-28,57.5,59.0,57.05,57.8,3276611,1.9500000000000028,-0.29999999999999716,53.5375,49.338,30.284299999999998,5.047585399708351,12.40830992869024,70.6864564007421
2025-07-29,57.5,58.6,56.5,56.6,4570942,2.1000000000000014,0.8999999999999986,53.9775,49.555,30.46505,5.122850470077913,12.527062844700511,66.66666666666666
2025-07-30,56.6,57.0,54.05,54.75,4362773,2.950000000000003,1.8500000000000014,54.33,49.715,30.6348,5.158263135148358,12.625075947231664,57.64023210831722
2025-07-31,54.35,54.75,52.5,52.75,5680304,2.25,1.6000000000000014,54.605,49.845,30.79505,5.15105745038287,12.701513738675779,47.46450304259635
2025-08-01,53.0,54.9,52.0,52.0,3953748,2.8999999999999986,1.0,54.90749999999999,49.955,30.950550000000003,5.136873999797732,12.769952097811593,40.17467248908297
2025-08-04,53.1,55.6,52.5,55.6,3888084,3.1000000000000014,-2.5,55.3625,50.12200000000001,31.12315,5.1826649830500005,12.868775875746758,49.612403100775204
2025-08-05,58.8,59.45,57.3,58.75,8395320,2.1500000000000057,0.04999999999999716,55.96750000000001,50.352000000000004,31.312799999999996,5.306310836530369,12.995044983787244,50.09596928982725
2025-08-06,58.75,60.0,57.5,59.25,4223422,2.5,-0.5,56.55500000000001,50.56700000000001,31.5053,5.445693018246777,13.122321843439705,46.391752577319586
2025-08-07,59.25,61.0,57.5,57.5,4150748,3.5,1.75,56.89,50.74700000000001,31.6889,5.524152996300223,13.227962874116171,45.91836734693878
2025-08-08,57.45,58.8,56.6,58.5,3225919,2.1999999999999957,-1.0499999999999972,57.114999999999995,50.933,31.8769,5.626618678665205,13.340569340988013,55.68181818181818
2025-08-11,58.5,59.45,57.5,57.75,3288425,1.9500000000000028,0.75,57.177499999999995,51.108000000000004,32.060050000000004,5.700853498577827,13.443196126964786,47.5
2025-08-12,57.75,58.4,57.25,57.75,2965537,1.1499999999999986,0.0,57.275,51.28200000000001,32.2433,5.769118703255036,13.542473594780514,50.66666666666667
2025-08-13,57.5,58.25,57.0,58.0,4117115,1.25,-0.5,57.239999999999995,51.461000000000006,32.4253,5.836901348056259,13.642938162968921,50.0
2025-08-14,58.2,59.4,57.6,59.1,4322205,1.7999999999999972,-0.8999999999999986,57.144999999999996,51.663000000000004,32.615700000000004,5.92411028366821,13.748281007577544,55.49597855227883
2025-08-15,59.6,63.0,58.95,59.1,5273549,4.049999999999997,0.5,57.125,51.875,32.8073,5.997816354341836,13.849155615644317,53.63128491620113
2025-08-18,59.1,59.25,58.0,59.1,3598749,1.25,0.0,57.279999999999994,52.153999999999996,32.9992,6.0030590841128,13.946390767405981,57.48502994011976
2025-08-19,59.1,60.55,58.25,59.1,5299079,2.299999999999997,0.0,57.29749999999999,52.43,33.1913,5.998741364585238,14.04013805820542,64.64646464646465
2025-08-20,59.3,63.0,58.95,62.1,7480307,4.049999999999997,-2.8000000000000043,57.527499999999996,52.77,33.3993,6.056300480508412,14.1588193482608,79.49526813880126
2025-08-21,61.1,63.4,61.0,62.5,4080223,2.3999999999999986,-1.3999999999999986,57.7525,53.15200000000001,33.6079,6.055592456564624,14.278785986076752,83.87096774193549
2025-08-22,61.0,63.75,61.0,62.05,5042251,2.75,-1.0499999999999972,58.0025,53.538000000000004,33.815149999999996,5.993811093834528,14.38941878053834,76.11336032388662
2025-08-25,62.0,66.3,61.75,65.5,3827541,4.549999999999997,-3.5,58.3875,53.994,34.03965,6.019684038084542,14.531758441237363,76.67984189723319
2025-08-26,65.5,69.95,64.5,67.75,2607365,5.450000000000003,-2.25,58.94500000000001,54.472,34.27515,6.145341358148121,14.694415169149048,79.51388888888889
2025-08-27,66.6,67.8,66.0,66.0,2357528,1.7999999999999972,0.5999999999999943,59.50750000000001,54.912,34.50065,6.167802837051236,14.83352223807408,79.51388888888889
2025-08-28,66.1,67.0,65.0,65.05,2185914,2.0,1.0499999999999972,60.1225,55.319,34.72165,6.151587566786266,14.957863321787219,72.82229965156793
2025-08-29,65.55,66.25,64.05,64.15,2479328,2.200000000000003,1.3999999999999915,60.730000000000004,55.73400000000001,34.9398,6.029810637701097,15.067456426878442,72.0689655172414
2025-09-03,63.55,64.1,62.25,62.5,2297551,1.8499999999999943,1.0499999999999972,61.075,56.056000000000004,35.150299999999994,5.950549966008344,15.157119689983436,64.70588235294117
2025-09-04,62.5,63.0,61.5,62.5,1996539,1.5,0.0,61.2625,56.348,35.36145,5.900163954830434,15.242690492981392,64.15094339622641
2025-09-05,62.6,64.9,62.5,62.5,2146701,2.4000000000000057,0.10000000000000142,61.425,56.64,35.572449999999996,5.834450816189421,15.325010349378037,61.48648648648648
2025-09-08,62.55,64.0,62.5,62.5,2206675,1.5,0.04999999999999716,61.675,56.94,35.783199999999994,5.739764625765285,15.404238037226603,61.48648648648648
2025-09-09,62.5,64.8,62.05,64.6,2666127,2.75,-2.0999999999999943,61.98,57.277,36.004850000000005,5.683562137553477,15.498539758659685,66.27218934911241
2025-09-10,64.6,65.5,63.5,65.45,1989904,2.0,-0.8500000000000085,62.364999999999995,57.63,36.2311,5.630809924705876,15.596631506893093,67.88732394366197
2025-09-11,65.0,68.75,64.55,68.0,3026831,4.200000000000003,-3.0,62.8775,58.034,36.4702,5.63578616648012,15.715421384949687,67.05202312138726
2025-09-12,68.0,69.05,67.05,68.9,1972031,2.0,-0.9000000000000057,63.4225,58.458,36.7138,5.639930163122677,15.838756059982726,67.97752808988764
2025-09-15,68.85,68.9,67.4,68.9,2149664,1.5,-0.05000000000001137,63.9125,58.891000000000005,36.9574,5.592767651172635,15.957400773220783,69.7406340057637
2025-09-16,68.9,68.9,66.95,67.5,2925338,1.9500000000000028,1.4000000000000057,64.3325,59.321999999999996,37.19375,5.402249720331285,16.05814833901751,56.53594771241829
2025-09-17,66.75,71.95,66.7,71.55,3999937,5.25,-4.799999999999997,64.955,59.82299999999999,37.449,5.350187961604057,16.19659397161664,61.11111111111109
2025-09-18,71.75,74.95,70.75,72.5,4400114,4.200000000000003,-0.75,65.625,60.34,37.7089,5.300009626483669,16.339992182145142,69.93865030674846
2025-09-19,72.5,76.6,71.5,76.6,5623887,5.099999999999994,-4.099999999999994,66.35,60.922000000000004,37.99,5.456695568804946,16.522939284917403,79.69151670951156
2025-09-22,74.85,77.1,71.95,74.4,5122385,5.1499999999999915,0.44999999999998863,66.94500000000001,61.394,38.26025,5.582522288539846,16.674297690001083,74.6987951807229
2025-09-23,74.0,75.05,72.8,74.6,1431263,2.25,-0.5999999999999943,67.5725,61.806000000000004,38.532,5.782279756607843,16.8215354911913,81.34715025906738
2025-09-24,74.5,76.0,72.8,74.5,1757357,3.200000000000003,0.0,68.02250000000001,62.166000000000004,38.8036,6.0013726321060235,16.961676431794295,80.92783505154642
2025-09-25,74.5,79.0,73.45,79.0,2828978,5.549999999999997,-4.5,68.58500000000001,62.63,39.0976,6.38381243650636,17.146188531149722,84.51882845188288
2025-09-26,79.0,82.45,78.0,82.0,2719861,4.450000000000003,-3.0,69.385,63.096000000000004,39.407599999999995,6.919057090414249,17.358334283145627,86.24535315985133
2025-09-29,81.15,87.4,80.5,86.4,2457795,6.900000000000006,-5.25,70.45250000000001,63.604,39.7375,7.65529588598928,17.62065826632749,87.3287671232877
2025-09-30,86.75,91.5,86.75,87.45,4686675,4.75,-0.7000000000000028,71.61749999999999,64.163,40.070150000000005,8.339406147799902,17.88956702997874,87.41496598639459
2025-10-01,87.45,87.5,83.9,85.0,2654215,3.5999999999999943,2.450000000000003,72.74249999999999,64.743,40.390550000000005,8.75804592174251,18.11725031544423,79.01023890784984
2025-10-02,84.4,87.85,84.4,85.5,2388126,3.4499999999999886,-1.0999999999999943,73.8925,65.278,40.71505,9.190823728933674,18.34083419565381,78.71972318339101
2025-10-03,86.0,89.65,85.55,88.25,4900222,4.1000000000000085,-2.25,75.17999999999999,65.893,41.053050000000006,9.675758737321893,18.590397104959926,80.56872037914694
2025-10-06,93.4,93.4,88.25,89.85,2414213,5.150000000000006,3.5500000000000114,76.5475,66.53,41.40005,10.180759163385657,18.84978238541201,85.0863422291994
2025-10-07,90.55,91.0,89.0,90.0,2375190,2.0,0.5499999999999972,77.81750000000001,67.189,41.748050000000006,10.611893068147637,19.100932274795742,83.005366726297
2025-10-08,89.5,90.45,87.6,89.05,3265455,2.8500000000000085,0.45000000000000284,78.9975,67.81400000000001,42.09155,10.96210559991453,19.330538837711778,79.60644007155638
2025-10-09,88.5,90.8,88.15,89.75,4141178,2.6499999999999915,-1.25,80.08500000000001,68.477,42.43895,11.268228814336748,19.55937835940945,76.78207739307538
2025-10-10,89.25,96.0,89.25,96.0,4308631,6.75,-6.75,81.44,69.302,42.81745,11.742761382995198,19.858960940737326,87.76223776223776
2025-10-13,96.95,102.7,96.95,102.7,7194006,5.75,-5.75,83.13000000000001,70.301,43.2302,12.411554401164484,20.23968458550195,90.02849002849003
2025-10-14,107.95,109.85,103.45,105.95,8097094,6.3999999999999915,2.0,85.05250000000001,71.38,43.658699999999996,13.113320848414933,20.65367487249414,91.1111111111111
2025-10-15,107.05,107.45,103.0,104.75,3766596,4.450000000000003,2.299999999999997,86.7125,72.363,44.080949999999994,13.733791225607584,21.033491111539195,86.83834048640914
2025-10-16,105.0,108.8,102.95,106.55,5230598,5.849999999999994,-1.5499999999999972,88.41499999999999,73.319,44.5122,14.413694204202107,21.42402671683877,86.37037037037035
2025-10-17,107.05,107.3,99.95,102.0,5633928,7.349999999999994,5.049999999999997,89.685,74.17399999999999,44.92060000000001,14.82419850192564,21.736778656734348,73.00884955752211
2025-10-20,100.0,102.25,95.0,97.45,5696503,7.25,2.549999999999997,90.8375,74.973,45.30625,14.98292637147583,21.980967656888275,63.36898395721924
2025-10-21,101.0,102.45,96.85,101.7,3712349,5.6000000000000085,-0.7000000000000028,92.1925,75.837,45.7134,15.256690770455789,22.267188819643376,71.30102040816327
2025-10-22,102.0,102.0,96.5,101.5,4206567,5.5,0.5,93.54249999999999,76.712,46.11955,15.451525781604762,22.539914173578037,70.56555269922879
2025-10-23,101.45,107.75,100.0,107.5,4780435,7.75,-6.049999999999997,94.9675,77.707,46.555699999999995,15.803367666160325,22.878619355812173,72.83511269276393
2025-10-24,107.7,111.45,107.55,109.5,3430619,3.9000000000000057,-1.7999999999999972,96.3425,78.737,47.001850000000005,16.166833679619977,23.230768283738847,73.09048178613396
2025-10-27,111.45,113.25,107.0,107.0,3910623,6.25,4.450000000000003,97.37249999999999,79.695,47.4356,16.397023280125715,23.536621644411156,68.93095768374164
2025-10-28,106.75,110.3,99.55,110.05,5229446,10.75,-3.299999999999997,98.50250000000001,80.714,47.8846,16.671869378430053,23.869591804312986,72.34042553191489
2025-10-29,109.5,109.5,105.95,106.0,2748038,3.549999999999997,3.5,99.55250000000001,81.652,48.31335,16.750165884040143,24.139324289700397,66.13704071499504
2025-10-30,105.25,105.9,100.75,102.05,3783654,5.150000000000006,3.200000000000003,100.38000000000001,82.51100000000001,48.722350000000006,16.671144843956235,24.353480264274655,56.295525494276795
2025-10-31,101.0,101.85,95.5,95.5,7479327,6.349999999999994,5.5,100.7425,83.179,49.09795,16.504928422895485,24.493046173388926,42.484342379958235
2025-11-03,95.55,99.75,93.0,97.7,3644665,6.75,-2.1500000000000057,101.13499999999999,83.883,49.48519999999999,16.354914414640312,24.646436071267555,41.19530416221985
2025-11-04,99.0,102.45,98.05,100.5,2523017,4.400000000000006,-1.5,101.66,84.65199999999999,49.88695,16.210701177094922,24.820115711194592,45.614035087719294
2025-11-05,100.5,104.0,99.25,103.25,2145538,4.75,-2.75,102.37,85.40699999999998,50.302699999999994,16.179566383786447,25.014304826232966,46.659919028340084
2025-11-06,103.0,105.75,101.9,103.9,4615961,3.8499999999999943,-0.9000000000000057,103.07750000000001,86.13,50.721599999999995,16.18214246303261,25.2070774029038,52.08791208791209
2025-11-07,102.5,103.95,99.85,99.85,3711212,4.1000000000000085,2.6500000000000057,103.27000000000001,86.80699999999999,51.119699999999995,16.030156561548633,25.35141148400142,52.666666666666664
2025-11-10,99.4,102.0,96.65,99.5,2796734,5.349999999999994,-0.09999999999999432,103.10999999999999,87.49600000000001,51.51604999999999,15.814833646463429,25.485356912988593,47.323600973236
2025-11-11,99.5,101.95,99.35,100.5,4231195,2.6000000000000085,-1.0,102.8375,88.223,51.91755,15.55305669149911,25.621684430630584,48.80668257756563
2025-11-12,99.8,105.6,99.8,105.6,3899846,5.799999999999997,-5.799999999999997,102.88,89.085,52.34439999999999,15.290464048430062,25.80161425435736,47.68292682926828
2025-11-13,105.0,107.9,104.6,105.6,3076522,3.3000000000000114,-0.5999999999999943,102.83250000000001,89.94699999999999,52.7714,14.972728303724361,25.97305977760531,44.99999999999999
2025-11-14,105.4,105.65,104.05,105.5,2091164,1.6000000000000085,-0.09999999999999432,103.00750000000001,90.80699999999999,53.1979,14.594187443734677,26.135364258310553,47.950819672131146
2025-11-17,106.0,110.55,106.0,108.5,3904654,4.549999999999997,-2.5,103.56000000000002,91.72699999999999,53.6394,14.218384943732852,26.320299226965275,47.8796169630643
2025-11-18,108.5,110.5,107.75,110.0,3038904,2.75,-1.5,103.975,92.635,54.0893,13.896678688500874,26.511080768758603,55.88235294117647
2025-11-19,110.0,112.5,109.5,110.25,2339549,3.0,-0.25,104.4125,93.53099999999999,54.540299999999995,13.548016987209609,26.69569003118687,63.53135313531354
2025-11-20,110.45,115.0,110.0,114.0,2845422,5.0,-3.549999999999997,104.7375,94.45099999999998,55.010200000000005,13.339153240879996,26.911259061616033,83.63636363636364
2025-11-21,113.1,115.55,111.0,114.85,2793565,4.549999999999997,-1.75,105.005,95.37,55.4833,13.124019885659637,27.127590918754294,82.79158699808795
2025-11-24,114.65,121.95,114.65,119.75,3221084,7.299999999999997,-5.099999999999994,105.6425,96.387,55.98045,13.000599711442115,27.389765452724866,84.070796460177
2025-11-25,121.5,124.4,120.0,121.5,3442040,4.400000000000006,0.0,106.21499999999999,97.46700000000001,56.48795,12.793212525972509,27.658756776645845,83.4862385321101
2025-11-26,123.5,123.5,118.75,122.5,4214022,4.75,1.0,107.03999999999999,98.486,57.000550000000004,12.715642142732976,27.927451511679152,83.69565217391303
2025-11-27,123.1,126.55,122.7,124.0,2361263,3.8499999999999943,-0.9000000000000057,108.1375,99.516,57.5208,12.653415445996616,28.201591073116436,98.2035928143713
2025-11-28,124.1,131.4,124.1,130.2,3865882,7.300000000000011,-6.099999999999994,109.87249999999999,100.588,58.0712,12.939610756534313,28.540148597543315,99.67637540453076
2025-12-01,133.05,139.3,133.0,134.95,4524041,6.300000000000011,-1.8999999999999773,111.73500000000001,101.79899999999999,58.64535,13.26792391830942,28.92527219813472,99.71139971139972
2025-12-02,135.0,138.75,131.5,137.5,4118641,7.25,-2.5,113.58500000000001,103.05699999999999,59.232600000000005,13.613843532018876,29.327220385123315,99.68847352024923
2025-12-03,139.45,139.45,134.6,134.7,3348394,4.849999999999994,4.75,115.1575,104.26100000000001,59.8056,13.698500178591221,29.67625885007556,91.69054441260744
2025-12-04,134.0,135.4,131.0,133.5,3928500,4.400000000000006,0.5,116.6375,105.351,60.37209999999999,13.815247750517177,29.996102269240556,88.88888888888889
2025-12-05,142.8,142.8,139.4,142.8,7036892,3.4000000000000057,0.0,118.78500000000001,106.567,60.9837,14.382116197783182,30.42262053986421,90.5437352245863
2025-12-08,152.0,152.7,149.1,152.7,4619098,3.5999999999999943,-0.6999999999999886,121.44500000000001,107.89300000000001,61.645599999999995,15.497893240630031,30.968646255438376,92.11045364891518
2025-12-09,163.3,163.3,153.0,160.0,12899048,10.300000000000011,3.3000000000000114,124.42,109.34400000000001,62.3441,16.879527026936156,31.600434291748915,93.07359307359307
2025-12-10,160.0,160.0,148.8,148.8,6630242,11.199999999999989,11.199999999999989,126.58000000000001,110.62,62.98635,17.404984038710353,32.04484320538632,76.6871165644172
2025-12-11,143.0,147.6,138.4,146.0,7991747,9.199999999999989,-3.0,128.6,111.83,63.61385,17.723076735702495,32.43508771768274,73.19434102755027
2025-12-12,147.8,147.8,141.0,143.2,1498500,6.800000000000011,4.600000000000023,130.48499999999999,112.92900000000002,64.22725,17.93351408818215,32.7742829985317,68.02459646425825
